company,canonical_company_id,founder_name,source_url,source_type,page_title,access_date,evidence_category,evidence_summary,confidence,fact_or_inference
Ambassador Software,SQ000760,,https://getlatka.com/companies/getambassador.com,business_database,Ambassador Software Revenue 2025,2026-09-14,revenue_and_funding,Reports $4.3M ARR and bootstrapped status.,Medium,fact
Ambassador Software,SQ000760,,https://www.zoominfo.com/c/ambassador-software/371651843,business_database,Ambassador - ZoomInfo,2026-09-14,headquarters,"HQ 2212 Queen Anne Ave N, Seattle, Washington 98109, United States.",Medium,fact
Ambassador Software,SQ000760,,https://getambassador.com/referralmarketing,official_company_website,AI-Powered Referral Marketing Software,2026-09-14,product_and_customers,"Enterprise referral platform trusted by 225+ brands; automates tracking, attribution, rewards and fraud prevention.",High,fact
Ambassador Software,SQ000760,,https://www.linkedin.com/company/getambassador,company_linkedin_search_snippet,Ambassador Software | LinkedIn,2026-09-14,company_profile,Company LinkedIn page exists; full page not inspectable from this environment.,Low,fact
Assembly,SQ012390,,https://techcrunch.com/2023/01/19/copilot-lands-10m-to-help-service-businesses-build-digital-customer-experiences,news_publication,Copilot lands $10M to help service businesses build digital customer experiences,2026-09-14,funding,$10M Series A led by YC Continuity and Lachy Groom at a $100M post-money valuation.,High,fact
Assembly,SQ012390,,https://tracxn.com/d/companies/copilot/__aj6HvPQbYLhnYTElhvfu93o9Er78XZd_alVI0D7Zt9g,business_database,Copilot - Company Profile,2026-09-14,founders_and_employees,Co-founded early 2020 by Marlon Misra and Neil Raina; HQ New York City; 11-50 employees; $13M raised.,Medium,fact
Assembly,SQ012390,,https://developer.apple.com/news/?id=m1mmw99d,official_platform_feature,Developer Spotlight: Copilot - Apple Developer,2026-09-14,trigger,Featured in Apple's developer spotlight.,High,fact
DoctorLogic,SQ036463,,https://doctorlogic.com/healthcare-services/medical-content-marketing,official_company_website,Healthcare Content Marketing Agency for Doctors | DoctorLogic,2026-09-14,business_model,Company's own page title describes it as a healthcare content marketing agency.,High,fact
DoctorLogic,SQ036463,,https://doctorlogic.com/book-demo,official_company_website,Elevate Your Practice: Healthcare Marketing Agency,2026-09-14,business_model,Company's own page title describes it as a healthcare marketing agency.,High,fact
DoctorLogic,SQ036463,,https://getlatka.com/companies/doctorlogic,business_database,How DoctorLogic hit $10.8M revenue with a 72 person team in 2024,2026-09-14,employee_count_and_revenue,$10.8M revenue with a 72-person team in 2024; other sources report 47 (Mar 2026) and 65 (May 2025) - contested and trending above the 50 ceiling.,Medium,fact
DoctorLogic,SQ036463,,https://www.crunchbase.com/person/stuart-lloyd,business_database,Stuart Lloyd - Co-Founder / CEO @ DoctorLogic,2026-09-14,leadership,"Stuart Lloyd co-founder and CEO; company launched 2013 with Ray Myers; based Plano, Texas.",Medium,fact
Dropstat,SQ036407,,https://dropstat.com/blog/company-news/nurse-staffing-interview/,official_company_website,From Nurse Staffing Leader to Health Tech Startup,2026-09-14,founder_story,Founder interview covering the move from nurse staffing leadership into health-tech.,High,fact
Dropstat,SQ036407,,https://www.cacheflowpodcast.com/episodes/nurse-builds-healthcare-saas-and-saves-more-lives/,podcast_or_interview,E50: Nurse Builds Healthcare SaaS and Saves More Lives,2026-09-14,founder_visibility,Podcast appearance - existing raw material not repurposed to founder channels.,High,fact
Dropstat,SQ036407,,https://labusinessjournal.com/economy/jobs/dropstat-closes-seed-round/,news_publication,Dropstat Closes Seed Round,2026-09-14,funding,"$5.5M seed led by Panoramic Ventures, closed end of May 2023.",High,fact
Dropstat,SQ036407,,https://profiles.crustdata.com/company/dropstat,business_database,"Dropstat - Headcount, Funding & Open Jobs",2026-09-14,employees,"38 employees, up 6% year on year; HQ Beverly Hills, California.",Medium,fact
Dropstat,SQ036407,,https://tracxn.com/d/companies/dropstat/__XbbWIjQD-Sa507hLwIC--Fkm56IOqi1GyONpTmsgHLk,business_database,DropStat - Company Profile,2026-09-14,founders_and_funding,"Founders Sara Well and Tara Vafaeenia; $6.84M raised across 4 rounds; backers include BIP Ventures, Alumni Ventures, AWS Healthcare Accelerator.",Medium,fact
Encycle,SQ027433,,https://www.facilitiesnet.com/site/pressreleases.aspx?id=38512,trade_publication,Encycle Corp. Announces $11.5 Million Funding Round,2026-09-14,funding,"$11.5M investment led by Prelude Ventures and NGEN Partners; earlier investors BDC, Duke Ventures, EDC and EnerTech Capital participated.",Medium,fact
Encycle,SQ027433,,https://www.encycle.com/,official_company_website,"Encycle Technologies, Inc.",2026-09-14,product,Swarm Logic synchronises rooftop AC clusters for 20-25% average energy savings for multi-site commercial and industrial companies.,High,fact
Encycle,SQ027433,,https://www.zoominfo.com/c/encycle-corp/371472730,business_database,Encycle - ZoomInfo,2026-09-14,headquarters_and_employees,"HQ 420 North Twin Oaks Valley Drive #1028, San Marcos CA 92069; founded 2005; 11-50 employees.",Medium,fact
Encycle,SQ027433,,https://cyclecapital.com/en/2021/05/12/encycle-announces-closing-of-7-5-million-financing-round/,investor_website,Encycle Announces Closing of $7.5 Million Financing Round,2026-09-14,funding_origin,"Financing round announced by Cycle Capital, a Canadian investor - one of several Canadian backers, raising a question about the company's operating base.",Medium,inference
Eraser,SQ067810,,https://techcrunch.com/2021/11/09/eraser-a-new-collaboration-startup-for-technical-teams-has-4-million-in-seed-funding-and-some-traction/,news_publication,"Eraser, a new collaboration startup for technical teams, says it has one million (free) users already",2026-09-14,funding_and_traction,"$4M seed led by Caffeinated Capital, announced 2021-11-09; over 1M users from five-person startups to the largest global tech companies.",High,fact
Eraser,SQ067810,,https://getlatka.com/companies/eraser.io,business_database,eraser.io Revenue 2025: $2.8M Est. ARR,2026-09-14,revenue,$2.8M estimated ARR.,Medium,fact
Eraser,SQ067810,,https://tracxn.com/d/companies/eraser/__nzfpUQZquBXsth1MXznpZG7u_G-7L-B05Tf4fsoUjls,business_database,Eraser - Company Profile,2026-09-14,employees_and_founder,"29 employees as of 2026-04-30; founded by Shin Kim, former Chief of Staff to investor Elad Gil; HQ San Francisco.",Medium,fact
FIXE,SQ035484,,https://www.newyorkangels.com/blog/ryan-handel-fixe,investor_website,"NYA Founder Spotlight - Ryan Handel, FIXE, Co-Founder & CEO",2026-09-14,founder_visibility,"New York Angels founder spotlight on Ryan Handel, co-founder and CEO.",High,fact
FIXE,SQ035484,,https://www.getmyfixe.com/author/ryangetmyfixe-com/,official_company_website,"CEO & Co Founder FIXE, Restaurant Owner/Operator",2026-09-14,founder_visibility,Founder author page on the company blog - 20 years in the restaurant industry and an active restaurant owner/operator; publishes interviews with other industry founders.,High,fact
FIXE,SQ035484,,https://leadiq.com/c/fixe/60126dc0881cc9057fe8460d,business_database,FIXE - LeadIQ,2026-09-14,employees,"Approximately 51 employees across 4 continents as of March 2026; headquartered Venice, California; founded 2019.",Medium,fact
FIXE,SQ035484,,https://gust.com/companies/getmyfixe,business_database,"FIXE | Los Angeles, CA, USA Startup",2026-09-14,company_profile,Los Angeles based; SaaS bookkeeping for restaurants extending QuickBooks Online.,Medium,fact
Falkonry,SQ059521,,https://reliabilityweb.com/ifs-to-acquire-falkonry-ai,trade_publication,IFS to acquire Falkonry AI,2026-09-14,acquisition,IFS acquisition of Falkonry.,High,fact
Falkonry,SQ059521,,https://tracxn.com/d/companies/falkonry/__We6kvczhzzGNpX3xukuUdThi6lj_Al2TNJLiQLWf74o,business_database,Falkonry - Company Profile,2026-09-14,acquisition,Acquired by IFS on 2023-08-31; $13.3M raised over 4 rounds; founded 2012 by Nikunj Mehta.,Medium,fact
FundMiner,SQ059268,,https://hub.fundminer.com/fundminer-blog/why-we-started-fundminer,official_company_website,Why We Started FundMiner,2026-09-14,founder_story,Published founding story on the company hub - existing raw material.,High,fact
FundMiner,SQ059268,,https://www.crunchbase.com/organization/fundminer,business_database,FundMiner - Crunchbase,2026-09-14,funding_and_founders,"Co-founded by Alejandro Stevenson-Duran and Chelsea Lamego (CEO); $4.22M raised; seed of $2.5M with Techstars Ventures and 44North Ventures; 7 investors including Cascade Seed Fund, Sonoran Founders Fund and Blackbaud Social Good Startup Program.",Medium,fact
FundMiner,SQ059268,,https://www.zoominfo.com/c/fundminer/566154566,business_database,FundMiner - ZoomInfo,2026-09-14,headquarters_and_employees,"1004 Galloway Drive, El Paso, Texas 79912; 29 total employees.",Medium,fact
Giftpack,SQ053489,,https://councils.forbes.com/profile/Archer-Chiang-Founder-CEO-Giftpack/fcf01d67-464a-41fc-8a79-54b47d4f7ba9,official_profile,Archer Chiang | Founder & CEO - Giftpack | Forbes Business Council,2026-09-14,founder_visibility,Forbes Business Council profile confirming Archer Chiang as Founder and CEO.,High,fact
Giftpack,SQ053489,,https://www.alleywatch.com/2023/09/giftpack-corporate-gifting-platform-ai-client-employee-archer-chiang/,news_publication,Giftpack Raises $4.3M to Find the Perfect Corporate Gift Using AI,2026-09-14,funding,$4.3M raised; New York City based; AI-powered corporate gifting platform.,High,fact
Giftpack,SQ053489,,https://vendordirectory.shrm.org/company/921049/news/3267945/revolutionizing-corporate-gifting-use-of-ai-technology-sets-giftpack-apart-from-competitors,trade_publication,Revolutionizing Corporate Gifting - Giftpack,2026-09-14,customer_proof,"Customers include Google, J.P. Morgan Chase, Meta and Zappos; 3.2M SKU catalogue across 220 countries.",Medium,fact
Good Money,SQ046792,,https://www.prnewswire.com/news-releases/good-money-secures-30-million-series-a-financing-round-led-by-galaxy-digitals-eos-vc-fund-300761780.html,official_company_announcement,Good Money Secures $30 Million Series A,2026-09-14,funding_and_model,$30M Series A led by Galaxy Digital's EOS VC Fund; digital banking platform owned by its customers.,High,fact
Good Money,SQ046792,,https://en.wikipedia.org/wiki/Good_Money,reference,Good Money,2026-09-14,business_model,San Francisco neobank founded 2018 by Gunnar Lovelace offering FDIC-insured checking and high-yield savings to consumers with no ATM or overdraft fees.,Medium,fact
Gray Matter Analytics,SQ126665,,https://www.linkedin.com/in/sheila-talton-8b295/,founder_linkedin_search_snippet,"Sheila Talton - CEO and Founder, Gray Matter Analytics",2026-09-14,founder_identity,Founder/CEO profile URL confirmed via search results; contents not inspectable from this environment.,Medium,fact
Gray Matter Analytics,SQ126665,,https://www.prnewswire.com/news-releases/gray-matter-analytics-and-ey-announce-collaboration-to-advance-value-based-care-302584406.html,official_company_announcement,Gray Matter Analytics and EY Announce Collaboration to Advance Value-Based Care,2026-09-14,trigger,Collaboration with EY announced to advance value-based care.,High,fact
Gray Matter Analytics,SQ126665,,https://www.graymatteranalytics.com/aboutus,official_company_website,About Gray Matter Analytics,2026-09-14,company_profile,"Healthcare data and analytics company; CoreTechs platform delivering Analytics as a Service for value-based care; Chicago based, founded 2013 by Sheila Talton.",High,fact
Gray Matter Analytics,SQ126665,,https://www.graymatteranalytics.com/press_news/female-founders-sheila-talton-of-gray-matter-analytics-on-the-five-things-you-need-to-thrive-and-succeed-as-a-woman-founder/,podcast_or_interview,Female Founders: Sheila Talton on Five Things You Need To Thrive as a Woman Founder,2026-09-14,founder_visibility,"Founder interview, hosted on the company press page - existing raw material.",High,fact
HelloTeam,SQ058796,,https://www.forbes.com/sites/gigizamora/2023/04/21/payroll-billionaire-tom-golisano-bets-on-employee-retention-startup-helloteam/,news_publication,Payroll Billionaire Tom Golisano Bets On Employee Retention Startup HelloTeam,2026-09-14,funding_and_founder,"Grand Oaks Capital, the firm of Paychex founder Tom Golisano, leads a $10M round; company described as 37 employees; founder Tanya Bakalov previously grew a company to a $1B valuation with 500+ employees.",High,fact
HelloTeam,SQ058796,,https://www.builtinboston.com/articles/helloteam-raises-3m-hiring,news_publication,HelloTeam Raises $3.5M to Help Companies Manage a Post-COVID Workforce,2026-09-14,funding,$3.5M seed round led by Underscore VC; Boston headquarters.,High,fact
HelloTeam,SQ058796,,https://www.crunchbase.com/organization/betterskills-inc,business_database,HelloTeam - Crunchbase,2026-09-14,company_profile,"Founded 2016 by Tanya Bakalov, originally as BetterSkills.",Medium,fact
HelloTeam,SQ058796,,https://yespress.io/helloteam,third_party_profile,HelloTeam - The All-in-One Employee Engagement & Retention Platform,2026-09-14,product,"Performance reviews, goals and OKRs, recognition and rewards, surveys, learning, dynamic org chart and people analytics.",Medium,fact
Inkle,SQ007696,,https://www.inkle.ai/about-us,official_company_website,About Inkle | US Startup Accounting Platform,2026-09-14,headquarters,"Company states it is based in Bengaluru, India and headquartered in Delaware, USA.",High,fact
Inkle,SQ007696,,https://www.inkle.ai/blog/inkle-raises-1-5m,official_company_announcement,Inkle raises $1.5M to power tax & accounting for US cross-border companies,2026-09-14,funding,"$1.5M pre-seed from Force Ventures, Picus Capital and Saison Capital.",High,fact
Inkle,SQ007696,,https://cllimber.com/inkle-us-tax-and-compliance-software-for-startups/,news_publication,US Tax And Compliance Software For Startups: Inkle,2026-09-14,founders_and_scale,"Co-founded 2022 by Anand Krishna, a British entrepreneur, with CTO Ranvir Singh; company described as operating in a very lean manner; 500+ US startups including ~5% of YC companies.",Medium,fact
JourneyTrack,SQ058401,,https://www.journeytrack.io/,official_company_website,JourneyTrack | Decision Intelligence for Customer Journeys,2026-09-14,product,"AI-forward customer journey management platform for journey maps, personas, research insights and KPIs.",High,fact
JourneyTrack,SQ058401,,https://www.journeytrack.io/press-releases/journeytrack-earns-continued-g2-recognition-for-excellence-in-customer-journey-mapping----including-new-users-love-us-milestone,official_company_announcement,JourneyTrack Earns Continued G2 Recognition,2026-09-14,market_credibility,"High Performer in Customer Journey Mapping for six consecutive quarters, High Performer Americas for five, Best Support Overall for six.",High,fact
JourneyTrack,SQ058401,,https://www.softwareadvice.com/customer-experience/journeytrack-profile/,review_platform,JourneyTrack Software Reviews,2026-09-14,customers,"Targets mid-to-large enterprises across financial services, technology, retail, telecoms and healthcare; customers include Fortune 100 enterprises.",Medium,fact
Juristat,SQ066112,,https://juristat.com/,official_company_website,AI Patent Analytics Platform for IP Teams,2026-09-14,product,NLP over USPTO data building behavioural models of patent examiners to predict future behaviour.,High,fact
Juristat,SQ066112,,https://www.crunchbase.com/organization/juristat,business_database,Juristat - Crunchbase,2026-09-14,founders_and_funding,"Founded 2012 by Robert Ward and Jordan Woerndle; $1.67M raised from Capital Innovators, Advantage Capital and Arsenal Capital Management.",Medium,fact
Juristat,SQ066112,,https://www.zoominfo.com/c/juristat/355955445,business_database,Juristat - ZoomInfo,2026-09-14,headquarters,"Located in St. Louis, Missouri 63101.",Medium,fact
KORIO,SQ100013,,https://www.korioclinical.com/korio-secures-series-a-funding-to-accelerate-growth-of-innovative-randomization-trial-supply-management-rtsm-platform/,official_company_announcement,Korio Secures Series A Funding to Accelerate RTSM Platform Growth,2026-09-14,funding,Series A led by BIP Ventures with existing investors Excelerate Health Ventures and Boston Millennia Partners.,High,fact
KORIO,SQ100013,,https://www.finsmes.com/2023/10/korio-secures-6-8m-in-funding.html,news_publication,Korio Secures $6.8M in Funding,2026-09-14,funding,"$6.8M seed led by Excelerate Health Ventures with Boston Millennia Partners, October 2023.",High,fact
KORIO,SQ100013,,https://tracxn.com/d/companies/korio/__S1doKRs_hb_suMwPmWYrWuYgAF2B0cb-RwYp5fGVUC0,business_database,Korio - Company Profile,2026-09-14,employees_and_founders,"36 employees as of June 2026; founded 2021 by Ryan Keane and Chuck Harris; HQ Doylestown, Pennsylvania; $12.3M raised across 2 rounds.",Medium,fact
KORIO,SQ100013,,https://www.clinicalleader.com/doc/why-korio-took-a-platform-first-approach-to-clinical-trial-rtsm-0001,trade_publication,Why Korio Took A Platform-First Approach To Clinical Trial RTSM,2026-09-14,positioning,Trade-press piece setting out the platform-first thesis - company-voiced category argument.,High,fact
KORIO,SQ100013,,https://www.prnewswire.com/news-releases/korio-to-launch-irt-industrys-first-compliance-centric-platform-301627503.html,official_company_announcement,Korio To Launch IRT Industry's First Compliance-Centric Platform,2026-09-14,product,Launch of a compliance-centric IRT platform addressing systemic quality and scalability issues.,High,fact
Kickfin,SQ016712,,https://www.pymnts.com/restaurant-innovation/2023/kickfin-ceo-says-digital-tipping-and-instant-payouts-help-restaurants-fight-economic-headwinds/,trade_publication,Kickfin CEO Says Digital Tipping and Instant Payouts Help Restaurants Fight Economic Headwinds,2026-09-14,company_profile,Austin fintech paying restaurant tips in real time to workers' bank accounts; CEO interviewed on market conditions.,High,fact
Kickfin,SQ016712,,https://content.calibbq.media/justin-roberts-and-brian-hassan-on-kickfins-mission-to-modernize-hospitality-tip-payments/,podcast_or_interview,Justin Roberts and Brian Hassan on Kickfin's Mission,2026-09-14,founders,Identifies Brian Hassan and Justin Roberts as co-founders running Kickfin as Co-CEOs; founded 2017 in Austin.,High,fact
Kickfin,SQ016712,,https://restaurant-strategy-1.castos.com/episodes/the-future-of-tipping-with-kickfin-co-founder-brian-hassan,podcast_or_interview,"The Future of Tipping with Kickfin Co-Founder, Brian Hassan",2026-09-14,founder_visibility,Brian Hassan appears as a podcast guest discussing the future of tipping - existing content raw material not repurposed to his own channels.,High,fact
Kickfin,SQ016712,,https://kickfin.com/success-stories/,official_company_website,Success Stories - Kickfin,2026-09-14,customer_proof,Customer success-story library on the official site.,High,fact
Kickfin,SQ016712,,https://www.g2.com/products/kickfin/reviews,review_platform,Kickfin Reviews - G2,2026-09-14,customer_proof,"Named brand customers include Marco's Pizza, Applebee's and Walk-On's; connects to all 10,000 US banks.",Medium,fact
"LoCI Controls, Inc.",SQ034164,,https://locicontrols.com/about,official_company_website,LoCI Controls | About LoCI,2026-09-14,company_profile,"Founded 2013, headquartered Fall River Massachusetts; cloud-connected platform monitoring and adjusting landfill gas collection; led by Peter Quigley, CEO and Chairman.",High,fact
"LoCI Controls, Inc.",SQ034164,,https://locicontrols.com/loci-news/loci-controls-inc.-completes-series-c-funding-round,official_company_announcement,"LoCI Controls, Inc. Completes Series C Funding Round",2026-09-14,funding,"Company announces a completed Series C, conflicting with database reports of $3.4M total and a last round in 2016.",High,fact
"LoCI Controls, Inc.",SQ034164,,https://en.wikipedia.org/wiki/Loci_Controls,reference,Loci Controls,2026-09-14,founders,"Founded by MIT alumni Andrew Campanella and Melinda Hale; initially funded and incubated at Bolt, a Boston venture fund.",Medium,fact
"LoCI Controls, Inc.",SQ034164,,https://leadiq.com/c/loci-controls-inc/5a1d8911240000240062993f,business_database,LoCI Controls - LeadIQ,2026-09-14,employees,Approximately 45 employees as of July 2026.,Medium,fact
LoudCloud Systems Inc.,SQ058089,,https://tracxn.com/d/companies/loudcloud-systems/__izm0_JaiGOSIbFyNmfSQm5F9HiqHqLp5qp8UNmK1rzc,business_database,LoudCloud Systems - Company Profile,2026-09-14,acquisition,Acquired by Barnes & Noble Education on 2016-03-09 for $17.9M; founded 2010 in Dallas by InSik Rhee.,Medium,fact
LoudCloud Systems Inc.,SQ058089,,https://www.datanyze.com/companies/bned-loudcloud/401896351,business_database,BNED LoudCloud Company Profile,2026-09-14,ownership,"Now listed as BNED LoudCloud, confirming operation under Barnes & Noble Education.",Medium,fact
MachineMetrics,SQ016470,,https://www.machinemetrics.com/blog/press-release-6292015,official_company_announcement,MachineMetrics closes investment round,2026-09-14,company_profile,"Founded 2014 in Northampton MA by William Bither, Eric Fogg and Jacob Lauzier. Seed round led by Long River Ventures. Bill Bither quoted as CEO.",High,fact
MachineMetrics,SQ016470,,https://www.machinemetrics.com/blog/machinemetrics-announces-11.3-million-series-a-funding-round,official_company_announcement,MachineMetrics Announces $11.3 Million Series A,2026-09-14,funding,"$11.3M Series A led by Tola Capital with Hyperplane, Long River, Mass Ventures, Hub Angels, Firebolt. Customers named: Fastenal, Snap-On, National Oilwell Varco, Gardner Denver, Continental, Saint Gobain, Shiloh Automotive, SECO Tools.",High,fact
MachineMetrics,SQ016470,,https://getlatka.com/companies/machinemetrics,business_database,MachineMetrics Revenue 2024,2026-09-14,employee_count_and_revenue,"Estimates $14.7M ARR, $37.7M raised across 5 rounds, 51 employees, founded 2015. Updated 2026-08-10.",Medium,fact
MachineMetrics,SQ016470,,https://www.crunchbase.com/organization/machinemetrics,business_database,MachineMetrics - Crunchbase,2026-09-14,employee_count,"Headcount band 51-100. Operating status Active, For Profit. HQ Northampton, Massachusetts. Founders Bill Bither, Eric Fogg, Jacob Lauzier.",Medium,fact
Maven Machines,SQ024624,,https://www.businesswire.com/news/home/20200205005047/en/Maven-Machines-Raises-7-Million-Series-Funding,news_wire,Maven Machines Raises 7 Million Series Funding,2026-09-14,funding,"$7M Series A announced 2020-02-05, led by Allos Ventures with Great Oaks Venture Capital, Hearst Ventures and Riverfront Ventures.",High,fact
Maven Machines,SQ024624,,https://pittohio.com/myPittOhio/Contents/Item/Display/43527,customer_announcement,PITT OHIO Deploys Maven as its P&D and ELD/Telematics Platform,2026-09-14,customer_proof,"PITT OHIO, a substantial regional carrier, deployed Maven as its pickup-and-delivery and ELD/telematics platform.",High,fact
Maven Machines,SQ024624,,https://mavenmachines.com/,official_company_website,Trucking Operations Software - Planning & Execution,2026-09-14,product,"Dispatch, route planning, fleet management, ELD and workflow optimisation for trucking.",High,fact
Midaxo,SQ053037,,https://www.midaxo.com/blog/midaxo-closes-q1-with-new-customers-new-leadership-and-a-clear-sense-of-direction,official_company_website,"Midaxo closes Q1 with new customers, new leadership, and a clear sense of direction",2026-09-14,leadership,"CEO Erica Magnergard joined in January to lead the next phase of growth, alongside Chief Product Officer Vil Audinis.",High,fact
Midaxo,SQ053037,,https://tracxn.com/d/companies/midaxo/__uT7yIba7Wt8ZQbNVwHfRQ2HDyQFjki0rr0dqBmXH7oc,business_database,Midaxo - Company Profile,2026-09-14,funding_and_hq,"Series B company based in Boston, founded 2011; $23M raised across 3 rounds; Ari J Salonen named as CEO - conflicting with the company blog.",Medium,fact
Midaxo,SQ053037,,https://www.midaxo.com/about-us,official_company_website,About Us - Midaxo,2026-09-14,origin,Company launched its first platform in Helsinki.,High,fact
Midaxo,SQ053037,,https://www.linkedin.com/company/midaxo-ltd,company_linkedin_search_snippet,Midaxo | LinkedIn,2026-09-14,legal_entity,LinkedIn slug midaxo-ltd suggests a Finnish or UK legal entity rather than a US corporation.,Low,inference
Mperativ,SQ124413,,https://www.mperativ.io/about,official_company_website,About | Mperativ,2026-09-14,founders,"Founded by Jim McHugh and Daniel Raskin with lead software architect Paul Bryan; Jim McHugh's background spans NVIDIA, Cisco Systems, Sun Microsystems and Apple.",High,fact
Mperativ,SQ124413,,https://getlatka.com/companies/mperativ.io,business_database,How Mperativ hit $1.5M revenue with a 10 person team in 2024,2026-09-14,employees_and_revenue,$1.5M revenue on a 10-person team in 2024 - below the 11-employee floor.,Medium,fact
Mperativ,SQ124413,,https://councils.forbes.com/profile/Daniel-Raskin-Co-Founder-Chief-Marketing-Officer-Mperativ/e615bba5-30c2-476a-8835-e078a86eedf4,official_profile,Daniel Raskin | Co-Founder / Chief Marketing Officer - Mperativ | Forbes Communications Council,2026-09-14,founder_visibility,Co-founder and CMO holds a Forbes Communications Council profile - existing publishing habit.,High,fact
Mperativ,SQ124413,,https://www.cbinsights.com/company/mperativ,business_database,Mperativ - CB Insights,2026-09-14,funding_and_hq,"Founded 2021, based San Francisco; investors include WestWave Capital, Heroic Ventures and GFT Ventures.",Medium,fact
Multis,SQ033577,,https://tracxn.com/d/companies/multis/__03Zma_cb2HtmBWA5AKdicx-I3H6QqPxUYelgUV5RmUE,business_database,Multis - Company Profile,2026-09-14,acquisition,Multis acquired by Safe Ecosystem Foundation on 2024-04-18; former CEO Thibaut Sahaghian became Network Abstraction Lead within the Safe ecosystem. Founded 2018 by Sahaghian and Theophile Villard; $9.2M raised over 3 rounds from 17 investors.,Medium,fact
Multis,SQ033577,,https://techcrunch.com/2020/09/29/multis-is-a-business-bank-account-for-cryptocurrencies/,news_publication,Multis is a business bank account for cryptocurrencies,2026-09-14,company_profile,"Crypto business banking product; seed investors included White Star Capital, Y Combinator, Coinbase Ventures, eFounders, Greenfield One, Digital Currency Group.",High,fact
OnFinance AI,SQ169082,,https://onfinance.ai/company,official_company_website,About OnFinance AI,2026-09-14,headquarters,"Company describes its first office on 100ft Road, Indiranagar, Bengaluru.",High,fact
OnFinance AI,SQ169082,,https://profiles.crustdata.com/company/onfinance-ai,business_database,"OnFinance AI - Headcount, Funding & Open Jobs",2026-09-14,employees_and_hq,"46 employees as of July 2026; based Bengaluru, India; founded 2023.",Medium,fact
OnFinance AI,SQ169082,,https://in.linkedin.com/company/onfinanceofficial,company_linkedin_search_snippet,OnFinance AI | LinkedIn,2026-09-14,headquarters,Company LinkedIn page resolves on the Indian subdomain.,Medium,fact
OnFinance AI,SQ169082,,https://tracxn.com/d/companies/onfinance-ai/__T4k5LqYRPuwBQmWCqIVuc-GuhlqOWAONpKmb2t4SnKc,business_database,OnFinance AI - Company Profile,2026-09-14,funding,$5.25M raised over 4 rounds from 75 investors; co-founders Anuj Srivastava (CEO) and Priyesh Srivastava (CTO).,Medium,fact
Ordway - Billing and Revenue Automation,SQ010603,,https://ordwaylabs.com/company/leadership/sameer-gulati-ceo-ordway/,official_company_website,"Sameer Gulati: Fintech CEO, Founder and Entrepreneur",2026-09-14,leadership,Sameer Gulati is Founder & CEO; founded Ordway in 2018 after launching finance applications at leading ERP companies.,High,fact
Ordway - Billing and Revenue Automation,SQ010603,,https://www.owler.com/company/ordwaylabs,business_database,Ordway Company Profile - Owler,2026-09-14,employee_count,"Reports 61 employees, founded 2018.",Medium,fact
Ordway - Billing and Revenue Automation,SQ010603,,https://www.crunchbase.com/organization/ordway-labs,business_database,Ordway - Crunchbase,2026-09-14,funding,"$20M raised; investors include CRV, Clocktower Ventures, Lerer Hippeau, Harbert Growth Partners, Revolution Rise of the Rest Seed Fund, Founder Collective.",Medium,fact
Peachjar,SQ157788,,https://www.zoominfo.com/pic/peachjar-inc/357131148,business_database,Peachjar - ZoomInfo,2026-09-14,headquarters_and_leadership,"Mike Durham Founder & CEO; corporate office 15090 Avenue of Science Ste 101, San Diego CA 92128.",Medium,fact
Peachjar,SQ157788,,https://tracxn.com/d/companies/peachjar/__Bzf1bjY0l1NwX4ABR2Yqxc9Umu18t94gcLdyIeS8Bdc,business_database,Peachjar - Company Profile,2026-09-14,employees_and_funding,31 employees as of 2026-04-30; $6.9M raised; investors Palisades Growth Capital and Moore Venture Partners.,Medium,fact
Peachjar,SQ157788,,https://ms.peachjar.com/about-us,official_company_website,Peachjar | About Us,2026-09-14,product,Digital flyer platform delivering school updates and community resources to parents.,High,fact
Peel Insights,SQ064416,,https://tracxn.com/d/companies/peelinsights/__5YZnuJ4quuEuhFWGng1vrlnFzyoFtlIzyYA3FPJ6dNU,business_database,Peel Insights - Company Profile,2026-09-14,acquisition,"May 2024: Shopify acqui-hired the founding team including CEO Nicolas Grasset; Relay Commerce acquired the product, which now operates inside the Relay Retain Group. 18 employees as of March 2026; founded 2018 by Yasmin Nozari, Phillipe Casorla Sagot and Nicolas Grasset.",Medium,fact
Peel Insights,SQ064416,,https://www.peelinsights.com/,official_company_website,Automated Analytics for Shopify Stores | Peel,2026-09-14,product,Automated ecommerce analytics for Shopify stores.,High,fact
Pickspace AI - Property Management Software,SQ001255,,https://www.pickspace.com/about-us/,official_company_website,About Us - Pickspace,2026-09-14,headquarters_and_founders,"Founded in Tel Aviv, headquartered in New York; founder Maor Cohen with a background in law, product management, marketing and real estate; CTO Nadi Hassan.",High,fact
Pickspace AI - Property Management Software,SQ001255,,https://www.accessnewswire.com/newsroom/en/business-and-professional-services/pickspace-the-property-management-software-explores-merger-and-ac-893443,news_wire,Pickspace Explores Merger and Acquisition Opportunities,2026-09-14,ownership_risk,Company publicly exploring merger and acquisition opportunities - founder control may not persist.,High,fact
Pickspace AI - Property Management Software,SQ001255,,https://leadiq.com/c/pickspace-ai---property-management-software/5a1db51a2300005b00af4c5f/employee-directory,business_database,Pickspace - Employee Directory,2026-09-14,employees,Approximately 31 employees as of August 2025.,Medium,fact
Pointivo,SQ052662,,https://hypepotamus.com/news/pointivo-raises-series-a/,news_publication,Automated 3D AI Startup Pointivo Raises $7M Series A,2026-09-14,funding,$7M Series A led by BIP Capital; company employed two dozen with expectation of ~35 by year end (as of early 2019).,Medium,fact
Pointivo,SQ052662,,https://www.techcompanynews.com/pointivo-is-powering-deeper-understanding-of-physical-assets-through-ai-computer-vision/,news_publication,Pointivo Is Powering Deeper Understanding Of Physical Assets,2026-09-14,founders,"Co-founded 2014 by Dan Ciprari (CEO) and Dr Habib Fathi (Chief Science Officer/CTO), commercialising Fathi's PhD research.",Medium,fact
Pointivo,SQ052662,,https://www.bipventures.vc/portfolio/pointivo,investor_website,Pointivo - BIP Ventures Portfolio,2026-09-14,funding_and_hq,Listed in BIP Ventures portfolio; Atlanta GA.,High,fact
Prodly,SQ064083,,https://www.prodly.co/blog/steelbrick-founder-joins-as-ceo/,official_company_announcement,"Max Rudman, founder of SteelBrick, appointed CEO of Prodly",2026-09-14,leadership,"Max Rudman, former VP of Salesforce CPQ and founder of SteelBrick (acquired by Salesforce 2015, became Salesforce CPQ), appointed Chairman and CEO of Prodly.",High,fact
Prodly,SQ064083,,https://www.prodly.co/,official_company_website,Prodly: End-to-end Salesforce DevOps Solution,2026-09-14,product_and_customers,"Salesforce DevOps, data migration, sandbox seeding and SOX compliance; customers include American Express, Expedia, Stanley Black & Decker, Cardinal Health, Nutanix, Johnson & Johnson, Splunk, Verizon, DoorDash and Snowflake.",High,fact
Prodly,SQ064083,,https://www.cbinsights.com/company/prodly,business_database,Prodly - CB Insights,2026-09-14,funding,"$10M Series A led by Leta Capital October 2021; $13.5M total with Shasta Ventures and Norwest Venture Partners; privately held, Palo Alto CA.",Medium,fact
Promoboxx,SQ042140,,https://www.globenewswire.com/news-release/2018/12/06/1663289/0/en/Promoboxx-Names-Ernie-Cormier-as-Chief-Executive-Officer.html,official_company_announcement,Promoboxx Names Ernie Cormier as Chief Executive Officer,2026-09-14,leadership_change,December 2018: Ernie Cormier appointed CEO and President; co-founder Ben Carcio moved to Chief Marketing Officer.,High,fact
Promoboxx,SQ042140,,https://tracxn.com/d/companies/promoboxx/__ostgIN-BqrRMaDN_lCTLUTk3TuUGpbAmk52uJqztP9w,business_database,Promoboxx - Company Profile,2026-09-14,employees_and_funding,43 employees as of 2026-05-31; $12.5M raised over 7 rounds from 21 investors; Brent Delehey named as CEO.,Medium,fact
Promoboxx,SQ042140,,https://builtinboston.com/blog/how-promoboxx-eases-local-retailers-future-advertising,news_publication,How Promoboxx eases local retailers into the future of advertising,2026-09-14,company_profile,"Boston-based brand-to-retail marketing platform; founded 2010 by Ben Carcio with co-founders Dan Koziak, Jamie Fiedler and Sonciary Honnoll; 100+ brands, 7M+ campaigns, 30,000+ retailers.",Medium,fact
Provus Inc,SQ052585,,https://provus.ai/company/,official_company_website,Company | Provus,2026-09-14,company_profile,"Founded 2021, headquartered San Jose CA; backed by Norwest, Accel and Storm Ventures; founders built and sold the first CPQ products on the market and led sales and professional services teams at large technology companies.",High,fact
Provus Inc,SQ052585,,https://provus.ai/provus-launches-first-of-its-kind-agentic-ai-platform-for-intelligence-driven-services-quoting/,official_company_announcement,Provus Launches First-of-its-Kind Agentic AI Platform,2026-09-14,trigger,Launch of an agentic AI platform for intelligence-driven services quoting.,High,fact
Provus Inc,SQ052585,,https://www.provusinc.com/,official_company_website,The Agentic AI Services Quoting Platform,2026-09-14,customer_proof,"Enterprise customers Thoughtworks, Trace3 and GlobalLogic; reported 70% reduction in quote cycle times with 100% quote accuracy.",High,fact
Provus Inc,SQ052585,,https://appexchange.salesforce.com/appxListingDetail?listingId=a0N4V00000Fz2VEUAZ,marketplace_listing,Provus Services Quoting - Salesforce AppExchange,2026-09-14,product,Listed on Salesforce AppExchange as a native services CPQ application.,High,fact
QuantConnect,SQ171521,,https://www.linkedin.com/in/jaredbroad/,founder_linkedin_search_snippet,Jared Broad - CEO/Founder at QuantConnect,2026-09-14,founder_identity,Founder/CEO profile URL confirmed via search results; contents not inspectable from this environment.,Medium,fact
QuantConnect,SQ171521,,https://en.wikipedia.org/wiki/QuantConnect,reference,QuantConnect,2026-09-14,company_profile,"Open-source cloud algorithmic trading platform for equities, FX, futures, options, derivatives and cryptocurrencies; founded 2011.",Medium,fact
QuantConnect,SQ171521,,https://tracxn.com/d/companies/quantconnect/__X-_PUMMB8LyXboltIbbW5RKhfgcxGnHbP1h-HnuCoac,business_database,QuantConnect - Company Profile,2026-09-14,employees_and_funding,"24 employees as of 2026-06-26; $2.46M raised across 3 rounds; HQ Seattle, Washington.",Medium,fact
QuantConnect,SQ171521,,https://www.interactivebrokers.com/campus/ibkr-quant-news/interview-with-jared-broad-ceo-quantconnect-part-i/,podcast_or_interview,"Interview with Jared Broad, CEO, QuantConnect",2026-09-14,founder_visibility,Multi-part long-form founder interview - existing raw material not repurposed to founder channels.,High,fact
Rali,SQ059127,,https://brandonhall.com/ralis-ai-powered-platform-helps-organizations-achieve-transformational-change/,analyst_platform,Rali's AI-Powered Platform Helps Organizations Achieve Transformational Change,2026-09-14,product_and_credibility,"Analyst coverage of the Change Experience Platform and Learn, Do, Inspire methodology.",High,fact
Rali,SQ059127,,https://www.zoominfo.com/c/rali-solutions-llc/397585814,business_database,Rali - ZoomInfo,2026-09-14,employees_and_hq,Headquartered Alpharetta GA with 49 total employees; founded 2016.,Medium,fact
Rali,SQ059127,,https://www.businesswire.com/news/home/20241120148414/en/Rali-Partners-With-TrevelinoKeller-to-Drive-Growth-Through-Refreshed-Website-and-Integrated-Marketing,news_wire,Rali Partners With Trevelino/Keller,2026-09-14,internal_content_support,Engaged Trevelino/Keller for a website refresh and integrated marketing - external content support exists.,High,fact
Rali,SQ059127,,https://pitchbook.com/profiles/company/416505-07,business_database,Rali - PitchBook,2026-09-14,funding_and_founder,"$27.1M raised; investors include Strada Education Foundation and Tech Alpharetta; founded by Larry Mohl, former CLO at Children's Healthcare of Atlanta and American Express; Rich Cannon CEO.",Medium,fact
Ratio,SQ166144,,https://techcrunch.com/2022/09/15/ratio-saas-subscription-payment/,news_publication,"Ratio bags $411M in equity, credit for flexible subscription payment models",2026-09-14,funding,$411M in equity and credit at emergence from stealth; $11M venture plus a $400M credit facility; team of 10 as of September 2022.,High,fact
Ratio,SQ166144,,https://www.ratiotech.com/about,official_company_website,About Ratio,2026-09-14,founders,"Founded by Ashish Srimal (CEO, previously SAP, Medallia and founder/CEO of SmarterMe) and Mason Blake (CTO, co-founder of UpCounsel, later its CEO, exited to LinkedIn).",High,fact
Ratio,SQ166144,,https://www.preqin.com/data/profile/asset/ratio-technologies--inc-/508343,business_database,"Ratio Technologies, Inc. - Preqin",2026-09-14,funding,April 2026: $15.8M venture funding and $100M debt funding.,Medium,fact
ReadyWorks,SQ056532,,https://getlatka.com/companies/readyworks,business_database,How ReadyWorks hit $2.7M revenue with a 23 person team,2026-09-14,employee_count_and_revenue,23 employees; ~$2.7M revenue.,Medium,fact
ReadyWorks,SQ056532,,https://www.zoominfo.com/c/readyworks/476776790,business_database,ReadyWorks - ZoomInfo,2026-09-14,headquarters_and_leadership,"HQ 611 W Hartsdale Ave, White Plains, New York 10607; founded by Andrew Sweeney, who is CEO.",Medium,fact
ReadyWorks,SQ056532,,https://www.gartner.com/reviews/market/service-orchestration-and-automation-platforms/vendor/readyworks/product/readyworks,analyst_platform,ReadyWorks Reviews & Ratings - Gartner Peer Insights,2026-09-14,market_credibility,Listed and reviewed on Gartner Peer Insights in the service orchestration and automation platforms market.,High,fact
ReadyWorks,SQ056532,,https://www.readyworks.com/,official_company_website,ReadyWorks Overview,2026-09-14,product,"Agentic ITOps platform for hybrid IT covering observability, VMware migration and lifecycle automation.",High,fact
Reloadly,SQ056459,,https://www.reloadly.com/blog/new-reloadly-ceo-enrique-hirlemann/,official_company_announcement,Reloadly Appoints Enrique Hirlemann CEO Amid Record Growth,2026-09-14,leadership,Company announces Enrique Hirlemann as CEO; other sources name co-founder Michel Francis as current CEO - a live conflict.,High,fact
Reloadly,SQ056459,,https://www.reloadly.com/about-us/,official_company_website,About Us | Reloadly,2026-09-14,headquarters,"Company describes itself as based in Barcelona and Miami with offices in Miami, Paris and Montreal.",High,fact
Reloadly,SQ056459,,https://tracxn.com/d/companies/reloadly/__nLdfNdxX3UGz_8oi3uuEGlvlpMFHUTrBYXq2A-ZZnwc,business_database,Reloadly - Company Profile,2026-09-14,employees_and_funding,"Privately held with 51-200 employees; $750K raised over 2 rounds; founded 2019; founding team Enrique Hirlemann, Dren Lubovci, Emmanuel Piard, Michel Francis.",Medium,fact
Repool,SQ022424,,https://www.linkedin.com/in/kevinfu93/,founder_linkedin_search_snippet,Kevin Fu - CEO at Repool,2026-09-14,founder_identity,Founder/CEO profile URL confirmed via search results; contents not inspectable from this environment.,Medium,fact
Repool,SQ022424,,https://www.prnewswire.com/news-releases/repool-takes-on-incumbent-fund-administrators-with-seasoned-hires-and-industry-first-platform-302214397.html,official_company_announcement,Repool takes on incumbent fund administrators with seasoned hires and industry-first platform,2026-09-14,trigger,Senior hires with 30+ years of fund administration experience from Northern Trust and State Street; industry-first platform launch.,High,fact
Repool,SQ022424,,https://www.workatastartup.com/companies/repool,accelerator_profile,Jobs at Repool (S21) - Y Combinator,2026-09-14,company_profile,Y Combinator S21 company; co-founders Kevin Fu (CEO) and Justin Carrao (CTO); offices San Francisco and New York.,High,fact
Repool,SQ022424,,https://borninsiliconvalley.podbean.com/e/modernizing-hedge-funds-a-conversation-with-kevin-fu-of-repool-1719250227/,podcast_or_interview,Modernizing Hedge Funds: A Conversation with Kevin Fu of Repool,2026-09-14,founder_visibility,Founder podcast appearance - existing raw material.,High,fact
Revela,SQ006595,,https://www.linkedin.com/in/grant-drzyzga-5a017047/,founder_linkedin_search_snippet,Grant Drzyzga - Founder/CEO at Revela,2026-09-14,founder_identity,Founder/CEO profile URL confirmed via search results; page contents not inspectable from this environment.,Medium,fact
Revela,SQ006595,,https://www.dbusiness.com/hustle-muscle/revela-inc/,news_publication,Revela Inc. - DBusiness Magazine,2026-09-14,company_profile,"Detroit-based, founded 2014 by current CEO Grant Drzyzga; software for real estate management companies and academic institutions; 6001 Cass Avenue, Detroit MI.",High,fact
Revela,SQ006595,,https://www.remtimes.com/blogs/news/detroit-company-revela-raises-9-million.php,news_publication,Detroit Company Revela Raises $9 Million,2026-09-14,funding,"$9M Series A led by FirstMark Capital with Detroit Venture Partners, MetaProp and Assurant Ventures; 2023-11-29.",High,fact
Revela,SQ006595,,https://tracxn.com/d/companies/revela/__bxMpmX7ZbjiYCiSGcJ0jvmY9DR5ZsxO5KUgbGNXjrgg#founders-and-board-of-directors,business_database,Revela - Company Profile,2026-09-14,employees,29 employees as of 2026-07-31.,Medium,fact
Rhumbix,SQ014828,,https://www.constructiondive.com/news/autodesk-acquires-rhumbix-construction-data/816526/,trade_publication,Autodesk acquires Rhumbix in construction data push,2026-09-14,acquisition,"Autodesk finalised its acquisition of Rhumbix, which collects jobsite data across timekeeping, labour and payroll.",High,fact
Rhumbix,SQ014828,,https://www.crunchbase.com/organization/rhumbix,business_database,Rhumbix - Crunchbase,2026-09-14,ownership,Listed as a sub-organization of Autodesk; 51-100 employees; founded 2014 by Drew DeWalt and Zachary Scheel; San Francisco CA.,Medium,fact
RhythmScience Inc.,SQ022329,,https://www.rhythm360.io/resources/rhythmscience-secures-6m-series-a-investment-led-by-cedars-sinai-health-ventures,official_company_announcement,RhythmScience Secures $6M Series A Investment Led by Cedars-Sinai Health Ventures,2026-09-14,funding,$6M Series A led by Cedars-Sinai Health Ventures.,High,fact
RhythmScience Inc.,SQ022329,,https://www.cbinsights.com/company/rhythmscience/people,business_database,RhythmScience - Key Executive Team,2026-09-14,leadership_and_employees,"Shawn Kumar Founder, CEO and CTO; engineering degree; built the first version himself; previously technical medical device sales at Abbott Labs. Company reported at 51-100 employees, San Francisco.",Medium,fact
RhythmScience Inc.,SQ022329,,https://www.rhythm360.io/,official_company_website,RhythmScience | Comprehensive Cardiac Data Management,2026-09-14,product,Rhythm360 platform for cardiology practices managing patients with connected cardiac implants across vendors.,High,fact
Rill Data,SQ122316,,https://www.rilldata.com/team,official_company_website,Team | Rill,2026-09-14,leadership,Co-founders Michael Driscoll (CEO) and Nishant Bangarwa (Head of Engineering); team built the database at Metamarkets later open-sourced as Apache Druid.,High,fact
Rill Data,SQ122316,,https://techcrunch.com/2022/08/04/rill-wants-to-rethink-bi-dashboards-with-embedded-database-and-instant-ux,news_publication,Rill wants to rethink BI dashboards with embedded database and instant UX,2026-09-14,funding_and_product,Seed round 2022-08-04; operational BI with an embedded database.,High,fact
Rill Data,SQ122316,,https://getlatka.com/companies/rilldata.com,business_database,How Rill Data hit $3.6M revenue with a 33 person team in 2023,2026-09-14,revenue,$3.6M revenue with a 33-person team in 2023.,Medium,fact
Rill Data,SQ122316,,https://tracxn.com/d/companies/rill/__CnrOG8Tyf_JcPV6bDiakgicSqZKgZcoMEbSZfpRe1CY,business_database,Rill - Company Profile,2026-09-14,employees,35 employees as of 2026-06-30; HQ San Francisco; funding reported as $12M-$13.8M across sources.,Medium,fact
SafeGuard Privacy,SQ063330,,https://www.linkedin.com/in/richy-glassberg-49a915/,founder_linkedin_search_snippet,Richy Glassberg - Founder/CEO of SafeGuard Privacy,2026-09-14,founder_identity,Founder/CEO profile URL confirmed via search results; contents not inspectable from this environment.,Medium,fact
SafeGuard Privacy,SQ063330,,https://safeguardprivacy.com/safeguard-privacy-closes-a-new-3-6-million-funding-round/,official_company_announcement,SafeGuard Privacy Closes a New $3.6 Million Funding Round,2026-09-14,funding,"$3.6M round led by TechOperators with Dynamism, SideKick and two family offices.",High,fact
SafeGuard Privacy,SQ063330,,https://tracxn.com/d/companies/safeguardprivacy/__N2n5kxMY0cXPWbztby2cw0-E6AURQXBFZma1gil9Em0,business_database,SafeGuard Privacy - Company Profile,2026-09-14,employees_and_funding,Approximately 24 employees as of June 2026; $11.4M raised over 3 rounds from 3 investors; founded 2018; HQ New York.,Medium,fact
SafeGuard Privacy,SQ063330,,https://www.adweek.com/programmatic/check-out-the-pitch-deck-firm-safeguard-privacy-used-to-raise-36-million/,trade_publication,Inside SafeGuard Privacy's $3.6M Fundraising Pitch Deck,2026-09-14,founder_visibility,Adweek published the company's fundraising pitch deck - existing press material.,High,fact
SalesScreen,SQ056182,,https://www.starterstory.com/stories/salesscreen,podcast_or_interview,Our Journey On How We Founded A Sales Gamification SaaS And Scaled It To $10M ARR,2026-09-14,founder_story,Long-form founder account of building SalesScreen to $10M ARR - substantial existing raw material.,High,fact
SalesScreen,SQ056182,,https://getlatka.com/companies/salesscreen,business_database,How SalesScreen hit $10.7M revenue and 350 customers in 2024,2026-09-14,revenue_and_employees,"$10.7M revenue, 350 customers, 40 employees, $4M raised from 2 institutional investors.",Medium,fact
SalesScreen,SQ056182,,https://www.salesscreen.com/about,official_company_website,About | SalesScreen,2026-09-14,company_profile,"Sales gamification and data-visualisation platform; founder Sindre Haaland founded the company in Norway in 2011 aged 22 and lives in Brooklyn, New York.",High,fact
SalesScreen,SQ056182,,https://salestechstar.com/sales-dialer/salesscreen-named-a-sales-gamification-industry-leader-according-to-g2s-2022-spring-grid-reports/,trade_publication,SalesScreen Named a Sales Gamification Industry Leader,2026-09-14,market_credibility,Named a sales gamification industry leader in G2 Grid reports.,Medium,fact
SchedulePop,SQ009941,,https://www.schedulepop.com/company,official_company_website,About SchedulePop,2026-09-14,company_profile,Self-funded scheduling SaaS founded in Raleigh NC in 2014 after the founder and his wife remotely owned and operated a music venue and restaurant in Richmond VA.,High,fact
SchedulePop,SQ009941,,https://getlatka.com/companies/schedulepop.com,business_database,SchedulePop Revenue 2025: $1.5M Est. ARR (Bootstrapped),2026-09-14,revenue,"$1.5M estimated ARR, bootstrapped; disclosed valuation $4.6M.",Medium,fact
SchedulePop,SQ009941,,https://grepbeat.com/2019/11/07/schedulepop-makes-scheduling-staff-easier-including-for-the-blind/,news_publication,SchedulePop Makes Scheduling Staff Easier - Including For The Blind,2026-09-14,product_differentiation,Coverage of the platform's accessibility work for blind staff; founder Ben Wingrove named.,High,fact
SchedulePop,SQ009941,,https://tracxn.com/d/companies/schedulepop/__RSl3Zlb9twrS3nJ03ObE9mEeovvUoJT5OiW0auaQNb4,business_database,SchedulePop - Company Profile,2026-09-14,employees,Approximately 14 employees as of 2026.,Medium,fact
Shaped,SQ063069,,https://www.alleywatch.com/2026/07/whatnot-acquisition-shaped-ai-live-commerce-recommendation-personalization/,news_publication,Whatnot Acquires Shaped to Bolster AI-Powered Discovery Across Its Live Commerce Platform,2026-09-14,acquisition,"Whatnot acquired Shaped, the New York AI startup building real-time ranking systems for recommendations and search, July 2026.",High,fact
Shaped,SQ063069,,https://tracxn.com/d/companies/shaped/__BjAhDEl84RdUJ3SyhlI0ri_RN7tpvhaoXF37Z2jpqNA,business_database,Shaped - Company Profile,2026-09-14,company_profile,"Founders Tullie Murrell (CEO, ex-Meta FAIR, creator of PyTorchVideo) and Daniel Camilleri (COO); 29 employees as of May 2026; $8M Series A led by Madrona July 2024 with Y Combinator.",Medium,fact
Slope Software,SQ001692,,https://beinsure.com/news/insurtech-akur8-acquires-slope-software/,trade_publication,Insurtech Akur8 acquires Slope Software to expand into life actuarial technology,2026-09-14,acquisition,"Akur8 acquired Slope Software, the cloud-native actuarial modelling company serving life insurers and pension firms.",High,fact
Slope Software,SQ001692,,https://www.prnewswire.com/news-releases/slope-software-raises-2-million-to-grow-its-actuarial-modeling-platform-301365216.html,official_company_announcement,Slope Software Raises $2 Million To Grow Its Actuarial Modeling Platform,2026-09-14,funding,$2M led by Tech Square Ventures with Alerion Ventures and Charlotte Angel Fund; founders Andy Smith (CEO) and Taylor Perkins; Atlanta HQ with Charlotte NC office.,High,fact
Software.com,SQ052236,,https://getlatka.com/companies/softwarecom,business_database,How Software.com hit $3M revenue and 150K customers in 2024,2026-09-14,revenue,$3M revenue in 2024 up from $2.5M in 2023; 150K customers.,Medium,fact
Software.com,SQ052236,,https://tracxn.com/d/companies/software/__J5Z4VeJ_5i0RfoVCV-ITzCkf2JT9AkLo_V6iABc4MyU,business_database,Software - Company Profile,2026-09-14,employees_and_leadership,27 employees as of 2026-05-31; founded 2017; HQ San Francisco; $22M raised; leadership named inconsistently across sources (Brett Stevens founder; Zsolt Torok named CEO elsewhere).,Low,fact
Software.com,SQ052236,,https://www.crunchbase.com/organization/softwaredotcom,business_database,Software.com - Crunchbase,2026-09-14,funding,$22M raised; cloud platform for software delivery visibility and developer productivity.,Medium,fact
Stax.ai,SQ062561,,https://www.crunchbase.com/person/naru-muraleedharan,business_database,Naru Muraleedharan - Founder and CEO @ Stax.ai,2026-09-14,leadership,Naru Muraleedharan confirmed as Founder and CEO.,Medium,fact
Stax.ai,SQ062561,,https://www.crunchbase.com/organization/stax-ai,business_database,Stax.ai - Crunchbase,2026-09-14,funding_and_product,"$7M new funding led by Neotribe on top of a 2023 seed led by AZ-VC, $11.65M total; AI workflow automation for retirement plan TPAs; Scottsdale AZ.",Medium,fact
Stax.ai,SQ062561,,https://www.zoominfo.com/c/staxai-llc/546885289,business_database,Stax.Ai - ZoomInfo,2026-09-14,headquarters,"Based in Scottsdale, Arizona.",Medium,fact
Swell,SQ062390,,https://www.swellcx.com/resources/swell-raises-8m-series-a-after-experiencing-triple-digit-growth-in-2020,official_company_announcement,Swell Raises $8M Series A After Triple-Digit Growth in 2020,2026-09-14,funding,$8M Series A following triple-digit growth.,High,fact
Swell,SQ062390,,https://www.crunchbase.com/organization/swell-cx,business_database,Swell - Crunchbase,2026-09-14,funding_and_employees,"$19.74M raised; Series A-II $8.9M on 2022-08-26; investors 2.0 Ventures, Cultivation Capital, Teamworthy Ventures, SkyLab Capital; 48 employees; HQ Salt Lake City.",Medium,fact
Swell,SQ062390,,https://getlatka.com/companies/swell,business_database,Swell Revenue 2024: $5.7M ARR,2026-09-14,revenue_conflict,"$5.7M ARR but labelled bootstrapped, conflicting with Crunchbase's $19.74M raised.",Low,fact
Swell,SQ062390,,https://www.swellcx.com/,official_company_website,AI Healthcare Reputation Management & Patient Experience platform,2026-09-14,product,"AI reputation and patient experience platform for healthcare, dental and multi-location businesses.",High,fact
Swipesum,SQ101613,,https://www.swipesum.com/authors/michael-seaman,official_company_website,Michael Seaman - Swipesum Insights Author,2026-09-14,founder_visibility,CEO has a named author page on the company's Insights publication - an established personal publishing habit.,High,fact
Swipesum,SQ101613,,https://www.intelligentfin.tech/2025/01/15/qa-michael-seaman-co-founder-and-ceo-of-swipesum/,podcast_or_interview,"Q&A: Michael Seaman, Co-founder and CEO of Swipesum",2026-09-14,founders,Michael Seaman co-founder and CEO; company led with his brother Stephen since 2016.,High,fact
Swipesum,SQ101613,,https://www.cardrates.com/news/swipesum-helps-merchants-optimize-payments-solutions/,news_publication,"Swipesum Takes a Technology-Forward, Consultative Approach to Helping Merchants Optimize Payments",2026-09-14,business_model,Described as a payment processing and merchant services consultancy with auditing solutions; Staitment AI platform launched 2020; moved to St. Louis in 2018.,Medium,fact
Swipesum,SQ101613,,https://councils.forbes.com/profile/Michael-Seaman-CEO-Swipesum/44b12867-0954-42dd-8c08-e93c4966b7b8,official_profile,Michael Seaman | CEO - Swipesum | Forbes Business Council,2026-09-14,founder_visibility,Forbes Business Council profile.,High,fact
"Swoop, Inc.",SQ040012,,https://www.swoopapp.com/referral-program,official_company_website,Swoop - Referral Program,2026-09-14,identity_and_business_model,Confirms swoopapp.com is the group transportation booking platform; referral commissions on bookings.,High,fact
"Swoop, Inc.",SQ040012,,https://www.crunchbase.com/organization/swoop-app,business_database,Swoop - Crunchbase,2026-09-14,company_profile,VC-backed private transportation technology company headquartered in Los Angeles; managed marketplace for group transportation.,Medium,fact
"Swoop, Inc.",SQ040012,,https://www.getapp.com/transportation-logistics-software/a/swoop/,marketplace_listing,Swoop - GetApp,2026-09-14,category,Listed under transportation and logistics rather than as a SaaS product category.,Medium,fact
Syncari,SQ055310,,https://syncari.com/blog/letter-from-the-ceo-announcing-our-series-a-funding-round/,official_company_website,Letter from the CEO: Announcing Our Series A Funding Round,2026-09-14,founder_visibility,Founder-CEO publishes long-form letters on the company blog - evidence of willingness to write and of an existing voice.,High,fact
Syncari,SQ055310,,https://pitchbook.com/profiles/company/343369-54,business_database,"Syncari Company Profile: Valuation, Funding & Investors",2026-09-14,funding,"$44.0M raised across 4 rounds; $20.0M Series B September 2025; investors include SignalFire, Crosslink Capital, Dig Ventures, ANIMO Ventures.",Medium,fact
Syncari,SQ055310,,https://getlatka.com/companies/syncari,business_database,Syncari Revenue 2024,2026-09-14,revenue,"Reports $1.8M est. ARR and $6.5M raised as of 2024 - inconsistent with the 2025 Series B, so treated as stale.",Low,fact
Syncari,SQ055310,,https://www.owler.com/company/syncari,business_database,Syncari - Owler,2026-09-14,employee_conflict,Employee counts across aggregators range from 19 to 130 depending on collection date - unresolved conflict.,Low,fact
"Syxsense, An Absolute Security Company",SQ055280,,https://www.absolute.com/press-releases/absolute-security-acquires-syxsense,official_company_announcement,Absolute Security Acquires Syxsense,2026-09-14,acquisition,Acquirer's own press release confirming the acquisition of Syxsense.,High,fact
"Syxsense, An Absolute Security Company",SQ055280,,https://www.wsgr.com/en/insights/wilson-sonsini-represents-syxsense-in-its-acquisition-by-absolute-security.html,law_firm_announcement,Wilson Sonsini Represents Syxsense in its Acquisition by Absolute Security,2026-09-14,acquisition,Deal counsel confirming the transaction.,High,fact
"Syxsense, An Absolute Security Company",SQ055280,,https://siliconangle.com/2024/09/05/absolute-acquires-syxsense-expand-automated-endpoint-security/,news_publication,Absolute acquires Syxsense to expand automated endpoint security,2026-09-14,acquisition,Acquisition dated 2024-09-05.,High,fact
Tactic,SQ051570,,https://utahbusiness.com/tactic-raises-money-for-hybrid-office-solutions,news_publication,Tactic raises $3 million Seed for multi-platform hybrid office solutions,2026-09-14,funding_and_founders,"Founded 2020 by friends Reid Hiatt (CEO), Christopher Barcus (CFO) and Austin Hale (COO); based Lehi, Utah.",High,fact
Tactic,SQ051570,,https://www.crunchbase.com/organization/tactic-24fb,business_database,Tactic - Crunchbase,2026-09-14,funding,"$30.0M raised across 4 rounds; investors include Founders Fund, Lux Capital, Coinbase Ventures, Ramp, Elad Gil, Dylan Field, Exponent Founders Capital.",Medium,fact
Tactic,SQ051570,,https://www.gettactic.com/,official_company_website,Tactic | Workplace Management Software & Space Booking,2026-09-14,product,"Desk and room reservation, visitor management, workplace requests, space-utilisation analytics, AI assistant Tessa, integrations with Outlook, Slack and HRIS.",High,fact
Taqtile,SQ052086,,https://www.geekwire.com/2022/taqtile-raises-5m-a-startup-that-sells-ar-enabled-job-training-tech/,news_publication,"Taqtile raises $5M, a startup that sells AR-enabled job training tech",2026-09-14,funding_and_employees,$5M raise to boost hiring and marketing; company described as 55-person in 2022.,High,fact
Taqtile,SQ052086,,https://www.finsmes.com/2024/01/taqtile-receives-investment-from-scout-ventures.html,news_publication,Taqtile Receives Investment From Scout Ventures,2026-09-14,trigger,Scout Ventures investment announced January 2024.,High,fact
Taqtile,SQ052086,,https://tracxn.com/d/companies/taqtile/__KeaJN1rVYil5_LF-6h374vKdx5amo1Av2PtGFymgMo4,business_database,Taqtile - Company Profile,2026-09-14,employees,"41 employees as of 2026-06-30; CEO and co-founder Dirck T. Schou Jr.; HQ 107 Spring Street, Seattle.",Medium,fact
Taqtile,SQ052086,,https://wearable-technologies.com/news/seattle-based-ar-startup-taqtile-raises-3-million-partners-with-magic-leap,news_publication,"Seattle-Based AR Startup Taqtile Raises $3 Million, Partners with Magic Leap",2026-09-14,partnership,"$3M round and Magic Leap partnership; investors Ascend, Mesmerise, Downer Group, Innovation Lab.",Medium,fact
Tenovos,SQ055130,,https://tenovos.com/press/tenovos-appoints-scott-bowen-ceo/,official_company_announcement,Tenovos Appoints DAM Veteran D. Scott Bowen as CEO,2026-09-14,leadership,"Scott Bowen appointed CEO November 2019; founding strategic advisor; co-founded Artesia Technologies (acquired by OpenText); prior roles at OpenText, Vistaprint, ICX Media.",High,fact
Tenovos,SQ055130,,https://tenovos.com/press/series-a1-funding/,official_company_announcement,Modern DAM Company Secures $8Million Series A-1 Funding,2026-09-14,funding,Series A-1 of $8M; part of $25.2M raised across three rounds.,High,fact
Tenovos,SQ055130,,https://tracxn.com/d/companies/tenovos/__PzG9_PoI30Zch3vuSA1yf5tb3-CBqiuK1zJ7zNr2Bl8,business_database,Tenovos - Company Profile,2026-09-14,employees_and_founders,Founded 2018 by Sal Hakimi and Matt Corodimas; 38 employees as of Jun 2026; $25.2M over 3 rounds; $10M Series B Nov 2022 led by S4S Ventures with BDMI and Stanhope Capital.,Medium,fact
Tenovos,SQ055130,,https://tenovos.com/about/,official_company_website,About Our Digital Asset Management Company,2026-09-14,headquarters,"Privately held, headquartered New York City with offices in Los Angeles and Austin.",High,fact
Tesorio,SQ013738,,https://www.ycombinator.com/companies/tesorio,accelerator_profile,Tesorio - Y Combinator,2026-09-14,employee_count,"YC company profile lists Team Size: 53, Founded 2013, Batch Summer 2015, Status Active, Location San Francisco. Active founders Carlos Vega (Co-founder & CEO) and Fabio Fleitas (Co-founder & CTO).",High,fact
Tesorio,SQ013738,,https://www.tesorio.com/,official_company_website,Tesorio | Agentic Financial Operations,2026-09-14,product_and_customers,"Enterprise AR/cash-flow platform. Named customers GitLab, Veeva, Smartsheet, Couchbase, Redis, SecurityScorecard, Pluralsight, Fastly. States 'in business 10 years, still founder-led'. Demo-led sales motion.",High,fact
Tesorio,SQ013738,,https://www.linkedin.com/company/tesorio,company_linkedin_search_snippet,Tesorio - LinkedIn,2026-09-14,headquarters,"Search snippet reports Headquarters San Francisco, California; Type Privately Held.",Medium,fact
Thena,SQ055065,,https://councils.forbes.com/profile/Ankit-Saxena-Founder-CEO-Thena/9c835ea7-dcf7-4624-a215-504f02843bfc,official_profile,Ankit Saxena | Founder and CEO - Thena | Forbes Technology Council,2026-09-14,founder_visibility,Forbes Technology Council profile confirming Ankit Saxena as Founder and CEO of Thena.,High,fact
Thena,SQ055065,,https://www.thena.ai/author/ankit-saxena,official_company_website,Ankit Saxena | Building AI customer support | Thena,2026-09-14,founder_visibility,Founder author page on the company site - demonstrates existing published writing.,High,fact
Thena,SQ055065,,https://tracxn.com/d/companies/thena/__hV_LmKvPmjFAui5uAqzgDuMcqfC5SLL-ctDSyN2vVSA,business_database,"Thena - Company Profile, Team, Funding",2026-09-14,funding_and_employees,"Founded by Ankit Saxena, Mike Molinet, Govind Kavaturi and Unmukt Raizada; 21-40 employees; $7.8M over 3 rounds from 5 investors incl. Lightspeed India and First Round Capital.",Medium,fact
Thena,SQ055065,,https://www.thena.ai/about-us,official_company_website,About Thena.ai,2026-09-14,company_profile,"HQ Palo Alto, California with team across Mountain View, New York City and Bangalore.",High,fact
Tiled,SQ054978,,https://www.tiled.co/newsroom/tiled-closes-13-7-million-series-a-funding-round,official_company_announcement,Tiled Closes $13.7 Million Series A Funding Round,2026-09-14,funding,$13.7M Series A; founder and CEO Darrell Swain described as a Lucidchart co-founder who led growth from beta to hundreds of thousands of active users.,High,fact
Tiled,SQ054978,,https://www.crunchbase.com/organization/tiled,business_database,Tiled - Crunchbase,2026-09-14,company_profile,"Founded 2016, HQ San Diego CA; founders Darrell Swain, James Gentry, Jeremiah Simpson, Matthew Simpson; $24.6M funding.",Medium,fact
Tiled,SQ054978,,https://www.businesswire.com/news/home/20200915005343/en/Tiled-Expands-Partner-Ecosystem-to-Further-Unleash-Creative-Storytelling-With-Interactive-Content,news_wire,Tiled Expands Partner Ecosystem,2026-09-14,partnerships,Partner ecosystem expansion; strategic partnerships include Seismic and Adobe.,Medium,fact
Tiled,SQ054978,,https://www.owler.com/company/tiled,business_database,Tiled - Owler,2026-09-14,employee_conflict,"Employee estimate 25-100 - straddles the 50-employee ceiling, unresolved.",Low,fact
Tracer,SQ054913,,https://medium.com/authority-magazine/jeffrey-nicholson-of-tracer-5-things-i-wish-someone-told-me-before-i-began-leading-my-company-184a48fb0e2,podcast_or_interview,Jeffrey Nicholson of Tracer: 5 Things I Wish Someone Told Me Before I Began Leading My Company,2026-09-14,founder_visibility,Long-form founder interview - existing raw material.,High,fact
Tracer,SQ054913,,https://www.unite.ai/leighton-welch-cto-and-co-founder-of-tracer-interview-series/,podcast_or_interview,"Leighton Welch, CTO and Co-Founder of Tracer - Interview Series",2026-09-14,founder_visibility,CTO co-founder interview appearance.,High,fact
Tracer,SQ054913,,https://newroadcp.com/companies/tracer/,investor_website,Tracer - NewRoad Capital Partners,2026-09-14,funding_and_profile,"Software helping marketing agencies and brands optimise data analytics; founded 2018, headquartered New York; NewRoad Capital Partners investor.",High,fact
Tracer,SQ054913,,https://yespress.io/jeffrey-nicholson,third_party_profile,Jeffrey Nicholson - CEO and Co-Founder of Tracer,2026-09-14,founder_background,"Jeff Nicholson was the first-ever Chief Media Officer at VaynerMedia, partnering with Gary Vaynerchuk, before co-founding Tracer.",Medium,fact
Treasury4,SQ061821,,https://www.businesswire.com/news/home/20230912157405/en/Treasury4-Raises-%2420-Million-in-Series-A-Funding-Led-by-WestCap,news_wire,Treasury4 Raises $20 Million in Series A Funding Led by WestCap,2026-09-14,funding,"$20M Series A led by WestCap, announced 2023-09-12.",High,fact
Treasury4,SQ061821,,https://www.treasury4.com/company/about-treasury4/,official_company_website,About Us | Treasury4,2026-09-14,leadership,"Founders Ed Barrie, Nathan Brown and Steve Helmbrecht; Helmbrecht President and CEO, Barrie Chief Product Officer and Treasurer, Brown Chief Analytics Officer.",High,fact
Treasury4,SQ061821,,https://tracxn.com/d/companies/treasury4/__UBpH12QCrui4E5W9lsUq4o0zwlPW2ywtr3nPAk3XNMM,business_database,Treasury4 - Company Profile,2026-09-14,employees_and_funding,"41 employees as of June 2026; $25.98M raised; latest round Series A; investors Fortson VC, Cowles Company, WestCap, Washington Trust Bank.",Medium,fact
Treasury4,SQ061821,,https://www.linkedin.com/pulse/treasury4-story-treasury4,company_linkedin_search_snippet,The Treasury4 Story,2026-09-14,content_activity,Company publishes a narrative founding-story series including on LinkedIn.,Medium,fact
Trio,SQ054857,,https://trio.dev/,official_company_website,Code That Moves Money. Talent That Moves Fast. - Trio,2026-09-14,business_model,"Provides on-demand remote software engineering teams for small and medium companies, incorporated into the client on project-based terms - staff augmentation rather than a software product.",Medium,fact
Trio,SQ054857,,https://www.linkedin.com/company/trio-so/,company_linkedin_search_snippet,Trio | LinkedIn,2026-09-14,identity,LinkedIn slug trio-so corresponds to the queue domain trio.so; page contents not inspectable from this environment.,Low,fact
Truss,SQ103714,,https://trusspayments.com/blog-posts/truss-partners-with-thread-bank-to-enhance-banking-solutions-for-construction-companies,official_company_announcement,Truss Partners with Thread Bank,2026-09-14,trigger,Banking partnership with Thread Bank for construction customers.,High,fact
Truss,SQ103714,,https://profiles.crustdata.com/company/mazumago-inc,business_database,"Truss - Headcount, Funding & Open Jobs",2026-09-14,employees,15 employees with -21.1% year-over-year change.,Medium,fact
Truss,SQ103714,,https://www.sliceofconstruction.com/p/19-matthew-smith-ceo-truss-payments,podcast_or_interview,"Matthew Smith, CEO at Truss Payments",2026-09-14,founder_visibility,Founder podcast appearance on a construction-industry show.,High,fact
Truss,SQ103714,,https://tracxn.com/d/companies/truss/__BCW8_XC7S6wncWbZH0TZGMOIl7UalcqWdCERb9U_Nxs,business_database,Truss - Company Profile,2026-09-14,funding_conflict,"Founded 2021, San Francisco, co-founders Matthew Smith and Nick Addison; funding reported inconsistently across sources as $8M over 7 rounds and $24M over 5.",Low,fact
Ubiq Security,SQ061640,,https://www.ubiqsecurity.com/ubiq-launches-api-based-encryption-platform-for-application-developers/,official_company_announcement,Ubiq Launches API-Based Encryption Platform for Application Developers,2026-09-14,product_and_customers,"API encryption platform launch; first customers include the United States Army, Department of Homeland Security, Verizon and Hitachi.",High,fact
Ubiq Security,SQ061640,,https://www.ubiqsecurity.com/ubiq-closes-6-4-million-seed-round-to-grow-api-encryption-platform/,official_company_announcement,Ubiq Closes $6.4 Million Seed Round,2026-09-14,funding,$6.4M seed round to grow the API encryption platform.,High,fact
Ubiq Security,SQ061640,,https://www.linkedin.com/company/ubiqsecurity,company_linkedin_search_snippet,Ubiq Security | LinkedIn,2026-09-14,company_profile,San Diego headquarters; 11-50 employees; founded 2013; Wias Issa named CEO.,Medium,fact
UrbanBound,SQ013329,,https://www.urbanbound.com/blog/behind-the-scenes-at-urbanbound,official_company_website,Behind the Scenes at UrbanBound: Meet Michael Krasman,2026-09-14,founders,"Michael Krasman is CEO and co-founder; serial entrepreneur with 25+ years; previously co-founded Hireology (active board seat), Homescout Realty, Humatal and Versity.com.",High,fact
UrbanBound,SQ013329,,https://getlatka.com/companies/urbanbound,business_database,How UrbanBound hit $6.7M revenue with a 44 person team,2026-09-14,employee_count_and_revenue,Reports 44 employees; 2024 revenue $10.5M.,Medium,fact
UrbanBound,SQ013329,,https://starvestpartners.com/urbanbound/,investor_website,UrbanBound | StarVest Partners,2026-09-14,funding,StarVest Partners listed as investor; total $17.5M over 6 rounds from 5 investors.,Medium,fact
UrbanBound,SQ013329,,https://www.urbanbound.com/about-urbanbound,official_company_website,About UrbanBound,2026-09-14,company_profile,Chicago-based; first relocation management software; launched 2011 with consistent revenue growth.,High,fact
VERITUITY,SQ152689,,https://www.businesswire.com/news/home/20260311039649/en/Verituity-Advances-Confidence-Based-Verification-at-the-Point-of-Payout,official_company_announcement,Verituity Advances Confidence-Based Verification at the Point of Payout,2026-09-14,trigger,Product advance announced 2026-03-11.,High,fact
VERITUITY,SQ152689,,https://forgepointcap.com/perspectives/verituity-transforming-protecting-and-accelerating-digital-payouts/,investor_website,"Verituity: Transforming, Protecting, and Accelerating Digital Payouts",2026-09-14,founders_and_funding,"Co-founders Ben Turner and Chris Smith described as veteran data and security experts who built and commercialised products for Fortune 500 customers at Verisign, Interos and Iron Mountain; Forgepoint Capital co-led the round.",High,fact
VERITUITY,SQ152689,,https://tracxn.com/d/companies/verituity/__VPaFydAukmZ26RN5fSxRkhakZFKUpfikFREECtWQdHg,business_database,Verituity - Company Profile,2026-09-14,employees_and_funding,"27 employees as of 2026-05-31; founded 2020; HQ McLean, Virginia; $30.0M raised across 2 rounds.",Medium,fact
VERITUITY,SQ152689,,https://verituity.com/verituitys-founder-and-ceo-ben-turner-on-building-an-intelligent-payouts-solution-with-code-story/,podcast_or_interview,Verituity's Founder and CEO Ben Turner On Building an Intelligent Payouts Solution,2026-09-14,founder_visibility,Long-form founder podcast interview - existing raw material.,High,fact
VESTBERRY,SQ103489,,https://sk.linkedin.com/company/vestberry,company_linkedin_search_snippet,VESTBERRY - LinkedIn,2026-09-14,headquarters,"Reports Headquarters New York, NY; Type Privately Held; Founded 2018; Primary location 1460 Broadway, New York, NY 10036. Page served from the Slovak LinkedIn subdomain.",Medium,fact
VESTBERRY,SQ103489,,https://vestberry.com/about,official_company_website,About Vestberry,2026-09-14,leadership,"Leadership listed as Co-CEO & Co-founder, Natalia Jamborova (Co-CEO), Matej Pavlansky (Co-founder & Head of Design), Peter Drobec (Head of Engineering), Michal Vidoman (Head of Product).",High,fact
VESTBERRY,SQ103489,,https://vcday.vestberry.com/recordings,official_company_website,Recordings - Venture Intelligence Day,2026-09-14,trigger,"Marek Zamecnik, CEO of Vestberry, spoke at Venture Intelligence Day in Prague on data intelligence as the new edge in venture capital.",High,fact
VESTBERRY,SQ103489,,https://www.crunchbase.com/organization/vestberry,business_database,VESTBERRY - Crunchbase,2026-09-14,leadership_conflict,"Names Jan Kacer as founder, which conflicts with the company About page listing.",Low,fact
Valcre,SQ009124,,https://www.valcre.com/press/valcre-raises-12-7-million/,official_company_announcement,Valcre Raises $12.7 Million in Series A Funding Round,2026-09-14,funding,"$12.7M Series A led by Avenue Growth Partners with Second Century Ventures, announced 2022-11-15.",High,fact
Valcre,SQ009124,,https://www.businesswire.com/news/home/20221115005752/en/Valcre-Commercial-Real-Estates-Premier-Appraisal-Software-Raises-$12.7-Million-in-Series-A-Funding-Round,news_wire,Valcre Raises $12.7 Million in Series A,2026-09-14,company_profile,"Founded 2016 by technologists and valuation professionals; clients include Avison Young, Kidder Mathews, Kroll, Apprise by Walker & Dunlop, RSM, CohnReznick. Lucas Rotter named founder and CEO. Based San Diego CA.",High,fact
Valcre,SQ009124,,https://www.valcre.com/press/valcre-modern-appraisal-mobile-app/,official_company_announcement,Valcre Redefines the Modern Appraisal Process with Launch of Mobile App,2026-09-14,trigger,Mobile app launch announcement - recent product expansion.,High,fact
Valcre,SQ009124,,https://propmodo.com/bracing-for-commercial-real-estates-revaluation-surge/,trade_publication,Bracing for Commercial Real Estate's Revaluation Surge,2026-09-14,market_timing,"Industry coverage of a CRE revaluation surge, the market condition driving appraisal software demand.",Medium,inference
Valer,SQ054614,,https://valer.health/leadership/dr-steve-kim/,official_company_website,Dr. Steve Kim - CEO and Co-founder of Valer,2026-09-14,leadership,Official leadership page confirming Dr Steve Kim as CEO and co-founder.,High,fact
Valer,SQ054614,,https://www.businesswire.com/news/home/20240116934528/en/Prior-Authorization-Leader-Voluware-Unveils-New-Company-Brand-Valer,news_wire,Prior Authorization Leader Voluware Unveils New Company Brand Valer,2026-09-14,trigger,Rebrand from Voluware to Valer announced 2024-01-16.,High,fact
Valer,SQ054614,,https://tracxn.com/d/companies/valer/__q7_65gBBtIDVM9zIDiywH6pcX2eLG8guGMIt7OS5f5s,business_database,Valer - Company Profile,2026-09-14,employees_and_funding,24 employees as of 2026-04-26; founded 2012 by Steve S Kim and Marty Staszak; no funding rounds raised.,Medium,fact
Valer,SQ054614,,https://valer.health/about-us/,official_company_website,About - Valer,2026-09-14,product,"Prior authorization and referral management automating submissions, status checking, verification, reporting and EHR sync across settings, specialties and payers.",High,fact
Vero Technologies,SQ038625,,https://davidpaul.substack.com/p/john-mizzi-of-vero-technologies-on,podcast_or_interview,John Mizzi of Vero Technologies on Launching a Fintech Lending Business and Underwriting Credit,2026-09-14,founder_visibility,Long-form founder interview on fintech lending and credit underwriting - existing raw material.,High,fact
Vero Technologies,SQ038625,,https://www.businesswire.com/news/home/20240730763118/en/Vero-Finance-and-Land-Pride-Announce-Partnership-to-Enhance-Dealer-Support-with-Floor-Plan-Financing-Program,news_wire,Vero Finance and Land Pride Announce Partnership,2026-09-14,trigger,Floorplan financing partnership with Land Pride announced 2024-07-30.,High,fact
Vero Technologies,SQ038625,,https://www.crunchbase.com/organization/vero-technologies,business_database,Vero Technologies - Crunchbase,2026-09-14,funding_and_hq,"Founded 2020; HQ 287 Park Avenue South Suite 700, New York; $12.6M raised with a last round of $8.5M; John Mizzi founder and CEO.",Medium,fact
Vero Technologies,SQ038625,,https://www.vero-technologies.com/,official_company_website,Vero | The AI-Native Operating System for Asset-Backed Lending,2026-09-14,product,"End-to-end inventory loan management combining software and services for financial institutions, wholesalers and dealers.",High,fact
Videate,SQ009071,,https://www.videate.io/about,official_company_website,About Videate,2026-09-14,company_profile,"Founded 2019, headquartered Austin Texas; AI, RPA and text-to-speech turning documentation into software video.",High,fact
Videate,SQ009071,,https://blog.videate.io/how-video-transforms-customer-success-in-saas-ryan-arnett-videate-ceo,official_company_website,From Videate CEO - How Video Transforms SaaS Customer Success,2026-09-14,founder_visibility,CEO-bylined blog post - existing writing under the company banner.,High,fact
Videate,SQ009071,,https://www.s3vc.com/videate,investor_website,Videate - S3 Ventures,2026-09-14,funding,"Backed by S3 Ventures, Tensility Venture Partners, Firebrand Ventures, Wavemaker Group and AI Sprouts VC.",High,fact
Videate,SQ009071,,https://www.prnewswire.com/news-releases/videate-surges-ahead-with-strong-momentum-accelerating-growth-and-innovation-in-generative-ai-302153068.html,official_company_announcement,Videate Surges Ahead with Strong Momentum in Generative AI,2026-09-14,trigger_and_leadership,"Ryan Arnett appointed CEO following the retirement of co-founder CEO Mark Hellinger, who remains Chairman; generative AI momentum announcement.",High,fact
Visible.vc,SQ013158,,https://visible.vc/about/,official_company_website,About - Visible.vc,2026-09-14,company_profile,Founded 2014 by Mike Preuss to build founder-friendly fundraising and reporting tools; team spread across ten cities and three continents.,High,fact
Visible.vc,SQ013158,,https://pipe.com/resources/articles/visible-saas-case-study,third_party_case_study,How Visible.vc grew 80% in one year without burning a single dollar,2026-09-14,growth_and_ability_to_pay,Documents 80% year-on-year growth achieved without burning capital.,Medium,fact
Visible.vc,SQ013158,,https://visible.vc/,official_company_website,VC Portfolio Monitoring & Founder Fundraising,2026-09-14,product,"Platform for investor updates, fundraising pipelines, pitch decks, data rooms and metrics; used by 2,000+ businesses.",High,fact
Voltaiq,SQ119571,,https://www.voltaiq.com/about,official_company_website,"About Voltaiq, the Pioneer in Battery Intelligence",2026-09-14,company_profile,"Founded 2012 in New York City by Tal Sholklapper and Eli Leland. Current leadership page lists Tal as CEO & Co-Founder, Eli as CTO & Co-Founder, Angela Kenner as COO.",High,fact
Voltaiq,SQ119571,,https://sjfventures.com/sjf-invests-in-6-6-million-series-a-for-voltaiq/,investor_press_release,SJF Invests in $6.6 Million Series A for Voltaiq,2026-09-14,funding,"Series A of $6.6M announced 2018-05-31, led by Anzu Partners with Bee Partners, SJF Ventures and UL Ventures. Dateline Berkeley CA and Brooklyn NY.",High,fact
Voltaiq,SQ119571,,https://tracxn.com/d/companies/voltaiq/__og8wGgAjLZiqi1k4vMdYJxtIPN27TO00BzFj4Tf3XqQ,business_database,"Voltaiq - Company Profile, Team, Funding",2026-09-14,funding,Reports $12M total funding from Bee Partners and Anzu Partners; founded 2012 by Sholklapper and Leland.,Medium,fact
Voltaiq,SQ119571,,https://www.voltaiq.com/,official_company_website,Voltaiq Enterprise AI Platform for Battery Engineering,2026-09-14,product_and_customers,"Homepage leads with AI agents for battery engineering. Named customer testimonials from Lyten, University of Michigan Battery Lab, Conamix and South8. Demo/contact-led, no public pricing.",High,fact
Vultus Inc.,SQ003826,,https://www.crunchbase.com/organization/vultus-ab,business_database,Vultus AB - Crunchbase,2026-09-14,headquarters,"Vultus AB founded in Lund, Sweden in 2016; agtech developing AI services for precision agriculture from satellite data.",Medium,fact
Vultus Inc.,SQ003826,,https://www.linkedin.com/company/vultus-ab/,company_linkedin_search_snippet,Vultus | LinkedIn,2026-09-14,legal_entity,LinkedIn slug vultus-ab confirms the Swedish aktiebolag entity.,Medium,fact
Vultus Inc.,SQ003826,,https://wateragri.eu/vultus/,third_party_profile,VULTUS AB - WATERAGRI,2026-09-14,headquarters,"Based in Lund, Skane Lan, Sweden, with offices in Sweden, the United States and Canada.",Medium,fact
Worklio,SQ005570,,https://www.worklio.com/,official_company_website,Worklio | Add Payroll & HCM Inside Your Product,2026-09-14,product,"Multi-tenant white-label payroll stack with tax operations, filings, payments, benefits and HCM for platforms, marketplaces and service providers.",High,fact
Worklio,SQ005570,,https://rocketreach.co/worklio-the-1-embedded-payroll-peo-platform-management_b55bb4d7f63791d3,business_database,Worklio Management Team,2026-09-14,leadership_and_employees,"Reports 47 employees; leadership Robert Osterlund (Founder), Azadeh Banai (President), Radek Voltr (CTO); HQ Miami, Florida; operating since 2017; $30B+ payroll and taxes processed.",Medium,fact
Worklio,SQ005570,,https://www.prnewswire.com/news-releases/kusko-hired-as-vp-customer-success-as-worklio-launches-its-peo-platform-300655971.html,official_company_announcement,Kusko Hired As VP Customer Success As Worklio Launches Its PEO Platform,2026-09-14,trigger,PEO platform launch accompanied by a customer-success executive hire.,High,fact
Worthix,SQ054211,,https://www.crunchbase.com/person/guilherme-cerqueira,business_database,Guilherme Cerqueira - Founder & CEO @ Worthix,2026-09-14,leadership,Confirms Guilherme Cerqueira as Founder and CEO of Worthix.,Medium,fact
Worthix,SQ054211,,https://medium.com/authority-magazine/the-future-is-now-guilherme-cerqueira-of-worthix-on-how-their-technological-innovation-wil-l-shake-b131cbbcf38b,podcast_or_interview,The Future Is Now: Guilherme Cerqueira Of Worthix,2026-09-14,founder_visibility,Long-form founder interview - existing raw material not repurposed to founder channels.,High,fact
Worthix,SQ054211,,https://tracxn.com/d/companies/worthix/__CChcKN2HpAlkwC3S1Rgue5Stwq_roZCh_AVBkdwERig,business_database,Worthix - Company Profile,2026-09-14,funding_and_employees,Series B; founded by Guilherme and Gustavo Cerqueira; $21.7M over 3 rounds from 3 investors; 33 employees.,Medium,fact
Worthix,SQ054211,,https://hypepotamus.com/companies/worthix/,news_publication,Worthix Uses AI to Measure Worthiness Of Your Company's Surveys,2026-09-14,company_profile,"Silicon Valley born, Atlanta-based; self-adaptive AI survey measuring the why behind buying decisions.",Medium,fact
Xevant,SQ051755,,https://www.xevant.com/leadership/,official_company_website,The PBM Analytics Leadership Team,2026-09-14,leadership,Official leadership page; Brandon Newman listed as CEO.,High,fact
Xevant,SQ051755,,https://tracxn.com/d/companies/xevant/__UvEjJn6EgmdQgQ6U2R6rz0gds-lfOQv7-8WbVHJw5tA,business_database,"Xevant - Company Profile, Team, Funding",2026-09-14,funding_and_employees,"Founders Brandon Newman and Alan Kellogg; 34 employees as of Jun 2026; $17.2M raised across 3 rounds from 5 investors; Series A 2024-02-08; HQ moved Draper to Lehi, Utah.",Medium,fact
Xevant,SQ051755,,https://www.xevant.com/news/xevant-unveils-newly-enhanced-platform-with-dynamic-solutions-for-the-healthcare-market/,official_company_announcement,Xevant Unveils Newly Enhanced Platform,2026-09-14,trigger,Platform enhancement launch for the healthcare market.,High,fact
Zoneomics,SQ060743,,https://www.zoneomics.com/about,official_company_website,About Us | Zoneomics,2026-09-14,company_profile,"Zoning and land-use intelligence platform; web platform, reports, API and bulk data.",High,fact
Zoneomics,SQ060743,,https://www.zoneomics.com/blog/2025-recap-zoneomics-advancing-zoning-intelligence,official_company_website,2025 was a Year of Momentum at Zoneomics,2026-09-14,scale_and_customers,"Covers 20,000 US municipalities; delivered 8M+ zoning tiles, 1M bulk API calls and zoning data for 600,000 properties in 2025; clients include Cushman & Wakefield, Stanford University, Crexi and Sidewalk Labs.",High,fact
Zoneomics,SQ060743,,https://proptechvc.podbean.com/e/how-technology-helps-to-capture-zoning-and-land-use-information-in-real-estate/,podcast_or_interview,How Zoneomics is Changing Zoning for Real Estate Optimization - PropTech VC Podcast,2026-09-14,founder_visibility,Founder podcast appearance - existing raw material.,High,fact
Zoneomics,SQ060743,,https://tracxn.com/d/companies/zoneomics/__19L6IAZeuJlPEoDhMkKH1QsfQbpmGIaO8UMaL6e2Vms,business_database,Zoneomics - Company Profile,2026-09-14,employees_and_funding,"25 employees as of 2026-06-26; $3M raised over 1 round; CEO and co-founder Matthew Player, CTO co-founder Asim Mushtaq.",Medium,fact
Zuub,SQ051713,,https://www.citybiz.co/article/571479/zuub-raises-9m-series-a/,news_publication,Zuub Raises $9M Series A,2026-09-14,funding,"$9M Series A led by Vertical Venture Partners with Bonfire Ventures and MTech Capital, mid-2024.",High,fact
Zuub,SQ051713,,https://getlatka.com/companies/zuub,business_database,How Zuub hit $1.5M revenue with a 33 person team in 2023,2026-09-14,employee_count_and_revenue,33 employees; $1.5M revenue in 2023.,Medium,fact
Zuub,SQ051713,,https://www.zoominfo.com/c/zuub/474138449,business_database,Zuub - ZoomInfo,2026-09-14,headquarters_and_leadership,"HQ 312 Arizona Avenue, Santa Monica CA 90401. Founded 2017. Co-founders Liem Doan (CTO), Luka Sklizovic (CEO), Robert Kim (CBO), Zareh Shabani (COO).",Medium,fact
uStudio,SQ061513,,https://www.linkedin.com/in/jengrogono/,founder_linkedin_search_snippet,Jen Grogono - President & CEO at uStudio,2026-09-14,founder_identity,Founder profile URL confirmed via search results; contents not inspectable from this environment.,Medium,fact
uStudio,SQ061513,,https://getlatka.com/companies/ustudio,business_database,How uStudio hit $3.1M revenue with a 24 person team in 2024,2026-09-14,revenue_and_employees,$3.1M revenue reported for 2024; other sources report ~33 employees as of March 2026 and $4.2M revenue.,Medium,fact
uStudio,SQ061513,,https://www.statesman.com/news/20170612/austins-ustudio-making-waves-in-enterprise-video-sector,news_publication,Austin's uStudio making waves in enterprise video sector,2026-09-14,company_profile,Launched 2010 by CEO Jen Grogono and co-founder/CTO Josh Marshall; Austin based.,High,fact
uStudio,SQ061513,,https://ustudio.com/press/ustudio-integrates-enterprise-podcasting-into-microsoft-365/,official_company_announcement,uStudio Integrates Enterprise Podcasting into Microsoft 365,2026-09-14,trigger,Microsoft 365 integration announcement.,High,fact
uStudio,SQ061513,,https://ustudio.com/blog/news-events/ustudio-ceo-jen-grogono-named-profiles-power-list/,official_company_website,uStudio CEO Jen Grogono Named to Profiles in Power List,2026-09-14,founder_visibility,CEO recognised on a Profiles in Power list.,High,fact
